true_label,predicted_label,model,correct
analyst,analyst,Random Forest,True
systematic,systematic,Random Forest,True
systematic,systematic,Random Forest,True
analyst,analyst,Random Forest,True
systematic,systematic,Random Forest,True
systematic,systematic,Random Forest,True
systematic,systematic,Random Forest,True
systematic,systematic,Random Forest,True
systematic,systematic,Random Forest,True
systematic,systematic,Random Forest,True
analyst,analyst,Random Forest,True
systematic,systematic,Random Forest,True
analyst,analyst,Random Forest,True
systematic,systematic,Random Forest,True
systematic,systematic,Random Forest,True
systematic,analyst,Random Forest,False
systematic,systematic,Random Forest,True
systematic,systematic,Random Forest,True
systematic,systematic,Random Forest,True
systematic,systematic,Random Forest,True
analyst,analyst,Random Forest,True
explorer,analyst,Random Forest,False
systematic,systematic,Random Forest,True
systematic,systematic,Random Forest,True
systematic,systematic,Random Forest,True
systematic,systematic,Random Forest,True
systematic,systematic,Random Forest,True
analyst,analyst,Random Forest,True
systematic,systematic,Random Forest,True
systematic,systematic,Random Forest,True
systematic,systematic,Random Forest,True
analyst,analyst,Random Forest,True
analyst,analyst,Random Forest,True
systematic,systematic,Random Forest,True
analyst,analyst,Random Forest,True
systematic,systematic,Random Forest,True
analyst,analyst,Random Forest,True
systematic,systematic,Random Forest,True
systematic,systematic,Random Forest,True
systematic,systematic,Random Forest,True
systematic,systematic,Random Forest,True
analyst,analyst,Random Forest,True
focused,focused,Random Forest,True
systematic,systematic,Random Forest,True
analyst,analyst,Random Forest,True
systematic,systematic,Random Forest,True
systematic,systematic,Random Forest,True
systematic,systematic,Random Forest,True
systematic,systematic,Random Forest,True
systematic,systematic,Random Forest,True
analyst,analyst,Random Forest,True
systematic,systematic,Random Forest,True
systematic,systematic,Random Forest,True
analyst,analyst,Random Forest,True
systematic,systematic,Random Forest,True
analyst,analyst,Random Forest,True
systematic,systematic,Random Forest,True
systematic,systematic,Random Forest,True
systematic,systematic,Random Forest,True
systematic,systematic,Random Forest,True
systematic,systematic,Random Forest,True
analyst,analyst,Random Forest,True
focused,focused,Random Forest,True
systematic,systematic,Random Forest,True
systematic,systematic,Random Forest,True
systematic,systematic,Random Forest,True
systematic,systematic,Random Forest,True
analyst,analyst,Random Forest,True
systematic,systematic,Random Forest,True
analyst,analyst,Random Forest,True
systematic,systematic,Random Forest,True
analyst,analyst,Random Forest,True
systematic,systematic,Random Forest,True
systematic,systematic,Random Forest,True
systematic,systematic,Random Forest,True
analyst,analyst,Random Forest,True
analyst,analyst,Random Forest,True
systematic,systematic,Random Forest,True
systematic,systematic,Random Forest,True
focused,focused,Random Forest,True
analyst,analyst,Random Forest,True
systematic,systematic,Random Forest,True
systematic,systematic,Random Forest,True
systematic,systematic,Random Forest,True
systematic,systematic,Random Forest,True
systematic,systematic,Random Forest,True
systematic,systematic,Random Forest,True
analyst,analyst,Random Forest,True
systematic,systematic,Random Forest,True
analyst,analyst,Random Forest,True
analyst,analyst,Random Forest,True
systematic,systematic,Random Forest,True
analyst,analyst,Random Forest,True
analyst,analyst,Random Forest,True
analyst,analyst,Random Forest,True
systematic,systematic,Random Forest,True
systematic,systematic,Random Forest,True
systematic,systematic,Random Forest,True
systematic,systematic,Random Forest,True
systematic,systematic,Random Forest,True
systematic,systematic,Random Forest,True
analyst,analyst,Random Forest,True
systematic,systematic,Random Forest,True
analyst,analyst,Random Forest,True
systematic,systematic,Random Forest,True
analyst,analyst,Random Forest,True
systematic,systematic,Random Forest,True
systematic,systematic,Random Forest,True
analyst,analyst,Random Forest,True
systematic,systematic,Random Forest,True
analyst,analyst,Random Forest,True
systematic,systematic,Random Forest,True
systematic,systematic,Random Forest,True
focused,analyst,Random Forest,False
analyst,analyst,Random Forest,True
analyst,analyst,Random Forest,True
systematic,systematic,Random Forest,True
systematic,systematic,Random Forest,True
systematic,systematic,Random Forest,True
focused,focused,Random Forest,True
focused,focused,Random Forest,True
focused,analyst,Random Forest,False
systematic,systematic,Random Forest,True
systematic,systematic,Random Forest,True
systematic,systematic,Random Forest,True
systematic,systematic,Random Forest,True
systematic,systematic,Random Forest,True
systematic,systematic,Random Forest,True
systematic,systematic,Random Forest,True
systematic,systematic,Random Forest,True
systematic,systematic,Random Forest,True
systematic,systematic,Random Forest,True
systematic,systematic,Random Forest,True
systematic,systematic,Random Forest,True
analyst,analyst,Random Forest,True
systematic,systematic,Random Forest,True
systematic,systematic,Random Forest,True
systematic,systematic,Random Forest,True
systematic,systematic,Random Forest,True
systematic,systematic,Random Forest,True
analyst,analyst,Random Forest,True
systematic,systematic,Random Forest,True
analyst,analyst,Random Forest,True
analyst,analyst,Random Forest,True
systematic,systematic,Random Forest,True
systematic,systematic,Random Forest,True
systematic,systematic,Random Forest,True
analyst,analyst,Random Forest,True
systematic,systematic,Random Forest,True
systematic,systematic,Random Forest,True
analyst,analyst,Random Forest,True
systematic,systematic,Random Forest,True
systematic,systematic,Random Forest,True
systematic,systematic,Random Forest,True
analyst,analyst,Random Forest,True
analyst,analyst,Random Forest,True
systematic,systematic,Random Forest,True
systematic,systematic,Random Forest,True
systematic,systematic,Random Forest,True
systematic,systematic,Random Forest,True
systematic,systematic,Random Forest,True
analyst,analyst,Random Forest,True
systematic,systematic,Random Forest,True
systematic,systematic,Random Forest,True
systematic,systematic,Random Forest,True
systematic,systematic,Random Forest,True
systematic,systematic,Random Forest,True
systematic,systematic,Random Forest,True
systematic,systematic,Random Forest,True
systematic,systematic,Random Forest,True
focused,focused,Random Forest,True
systematic,systematic,Random Forest,True
systematic,systematic,Random Forest,True
systematic,systematic,Random Forest,True
systematic,systematic,Random Forest,True
analyst,analyst,Random Forest,True
systematic,systematic,Random Forest,True
systematic,systematic,Random Forest,True
systematic,systematic,Random Forest,True
analyst,analyst,Random Forest,True
systematic,systematic,Random Forest,True
systematic,systematic,Random Forest,True
systematic,systematic,Random Forest,True
systematic,systematic,Random Forest,True
systematic,systematic,Random Forest,True
systematic,systematic,Random Forest,True
analyst,analyst,Random Forest,True
systematic,systematic,Random Forest,True
systematic,systematic,Random Forest,True
systematic,systematic,Random Forest,True
systematic,systematic,Random Forest,True
systematic,systematic,Random Forest,True
analyst,analyst,Random Forest,True
systematic,systematic,Random Forest,True
systematic,systematic,Random Forest,True
systematic,systematic,Random Forest,True
systematic,systematic,Random Forest,True
systematic,systematic,Random Forest,True
systematic,systematic,Random Forest,True
analyst,analyst,Random Forest,True
systematic,systematic,Random Forest,True
systematic,systematic,Random Forest,True
systematic,systematic,Random Forest,True
systematic,systematic,Random Forest,True
systematic,systematic,Random Forest,True
systematic,systematic,Random Forest,True
systematic,systematic,Random Forest,True
systematic,systematic,Random Forest,True
systematic,systematic,Random Forest,True
analyst,analyst,Random Forest,True
systematic,systematic,Random Forest,True
systematic,systematic,Random Forest,True
analyst,analyst,Random Forest,True
systematic,systematic,Random Forest,True
systematic,systematic,Random Forest,True
systematic,systematic,Random Forest,True
systematic,systematic,Random Forest,True
analyst,analyst,Random Forest,True
systematic,systematic,Random Forest,True
systematic,systematic,Random Forest,True
analyst,analyst,Random Forest,True
systematic,systematic,Random Forest,True
analyst,analyst,Random Forest,True
systematic,systematic,Random Forest,True
focused,systematic,Random Forest,False
focused,focused,Random Forest,True
systematic,systematic,Random Forest,True
analyst,analyst,Random Forest,True
systematic,systematic,Random Forest,True
systematic,systematic,Random Forest,True
focused,focused,Random Forest,True
analyst,analyst,Random Forest,True
systematic,systematic,Random Forest,True
systematic,systematic,Random Forest,True
systematic,systematic,Random Forest,True
focused,focused,Random Forest,True
analyst,analyst,Random Forest,True
systematic,systematic,Random Forest,True
systematic,systematic,Random Forest,True
analyst,analyst,Random Forest,True
systematic,systematic,Random Forest,True
systematic,systematic,Random Forest,True
systematic,systematic,Random Forest,True
systematic,systematic,Random Forest,True
systematic,systematic,Random Forest,True
systematic,systematic,Random Forest,True
analyst,analyst,Random Forest,True
analyst,analyst,Random Forest,True
systematic,systematic,Random Forest,True
systematic,systematic,Random Forest,True
systematic,systematic,Random Forest,True
analyst,analyst,Random Forest,True
systematic,systematic,Random Forest,True
analyst,analyst,Random Forest,True
systematic,systematic,Random Forest,True
analyst,analyst,Random Forest,True
systematic,systematic,Random Forest,True
analyst,analyst,Random Forest,True
analyst,systematic,Random Forest,False
systematic,systematic,Random Forest,True
systematic,systematic,Random Forest,True
focused,focused,Random Forest,True
analyst,analyst,Random Forest,True
analyst,analyst,Random Forest,True
analyst,analyst,Random Forest,True
analyst,analyst,Random Forest,True
analyst,analyst,Random Forest,True
systematic,systematic,Random Forest,True
analyst,analyst,Random Forest,True
systematic,systematic,Random Forest,True
analyst,analyst,Random Forest,True
focused,focused,Random Forest,True
analyst,analyst,Random Forest,True
systematic,systematic,Random Forest,True
systematic,systematic,Random Forest,True
systematic,systematic,Random Forest,True
analyst,analyst,Random Forest,True
systematic,systematic,Random Forest,True
systematic,systematic,Random Forest,True
systematic,systematic,Random Forest,True
analyst,analyst,Random Forest,True
systematic,systematic,Random Forest,True
systematic,systematic,Random Forest,True
systematic,systematic,Random Forest,True
systematic,systematic,Random Forest,True
systematic,systematic,Random Forest,True
systematic,systematic,Random Forest,True
analyst,analyst,Random Forest,True
analyst,analyst,Random Forest,True
systematic,systematic,Random Forest,True
systematic,systematic,Random Forest,True
systematic,systematic,Random Forest,True
systematic,systematic,Random Forest,True
systematic,systematic,Random Forest,True
systematic,systematic,Random Forest,True
analyst,analyst,Random Forest,True
systematic,systematic,Random Forest,True
analyst,analyst,Random Forest,True
systematic,systematic,Random Forest,True
systematic,systematic,Random Forest,True
systematic,systematic,Random Forest,True
systematic,systematic,Random Forest,True
systematic,systematic,Random Forest,True
analyst,analyst,Random Forest,True
systematic,systematic,Random Forest,True
systematic,systematic,Random Forest,True
systematic,systematic,Random Forest,True
systematic,systematic,Random Forest,True
systematic,systematic,Random Forest,True
systematic,systematic,Random Forest,True
systematic,systematic,Random Forest,True
systematic,systematic,Random Forest,True
systematic,systematic,Random Forest,True
systematic,systematic,Random Forest,True
systematic,systematic,Random Forest,True
systematic,systematic,Random Forest,True
systematic,systematic,Random Forest,True
analyst,analyst,Random Forest,True
systematic,analyst,Random Forest,False
analyst,analyst,Random Forest,True
analyst,analyst,Random Forest,True
analyst,analyst,Random Forest,True
systematic,systematic,Random Forest,True
systematic,systematic,Random Forest,True
systematic,systematic,Random Forest,True
systematic,systematic,Random Forest,True
systematic,systematic,Random Forest,True
focused,focused,Random Forest,True
analyst,analyst,Random Forest,True
systematic,systematic,Random Forest,True
analyst,analyst,Random Forest,True
systematic,systematic,Random Forest,True
analyst,analyst,Random Forest,True
systematic,systematic,Random Forest,True
systematic,systematic,Random Forest,True
systematic,systematic,Random Forest,True
systematic,systematic,Random Forest,True
analyst,analyst,Random Forest,True
systematic,systematic,Random Forest,True
systematic,systematic,Random Forest,True
systematic,systematic,Random Forest,True
systematic,systematic,Random Forest,True
systematic,systematic,Random Forest,True
focused,focused,Random Forest,True
analyst,analyst,Random Forest,True
systematic,systematic,Random Forest,True
systematic,systematic,Random Forest,True
systematic,systematic,Random Forest,True
systematic,systematic,Random Forest,True
systematic,systematic,Random Forest,True
systematic,systematic,Random Forest,True
analyst,analyst,Random Forest,True
systematic,systematic,Random Forest,True
systematic,systematic,Random Forest,True
systematic,systematic,Random Forest,True
systematic,systematic,Random Forest,True
systematic,systematic,Random Forest,True
systematic,systematic,Random Forest,True
analyst,analyst,Random Forest,True
systematic,systematic,Random Forest,True
systematic,systematic,Random Forest,True
